Model,Engine,Selected_SKUs,Raw_RMSE_Wins,Macro_MASE,Macro_RMSSE,Global_RMSE,Volume_WAPE,Mean_Bias,Empirical_Coverage_80,Evaluation_Points,Evaluation_Origins_Per_SKU,Evaluation_Horizon
TiRex2,TiRex2 0.1.1,37,44,0.7251753184481513,0.7518694247151627,775.3793476822449,0.4435515038089122,76.32186611565496,0.8068452380952381,3360,7,6
ARIMA,R fpp3 1.0.2,4,7,0.8791636936115141,0.8364051877536258,797.7659117184006,0.5928768903380623,9.273750412323324,0.8178571428571428,3360,7,6
ETS,R fpp3 1.0.2,2,9,0.9477288123315635,0.8788270510932081,768.2519010163585,0.6117912706700496,9.547931383865247,0.85,3360,7,6
Seasonal_Naive,R fpp3 1.0.2,12,11,1.1141868195720046,1.1052576558249172,1144.6102527300557,0.8319891270100364,12.349107142857143,0.7723214285714286,3360,7,6
Mean,R fpp3 1.0.2,22,7,1.387437073773042,1.1309194959577877,761.7645660406256,0.6154292040704312,19.638696916270195,0.8473214285714286,3360,7,6
Naive,R fpp3 1.0.2,3,2,1.6365723612939884,1.4943149819442028,1156.2697894059402,0.8186948583526096,-4.986011904761905,0.9285714285714286,3360,7,6
Drift,R fpp3 1.0.2,0,0,1.7016035036629362,1.5544016402673564,1196.1891385612425,0.8526448159746771,-19.648328614256496,0.9345238095238095,3360,7,6
